First Name,Last Name,Age
Maya,Phillips,35
David,Lee,35
Jack,Adams,35
Amelia,Young,34
William,Smith,34
Ryan,Collins,34
Lucas,Allen,33
Samuel,Adams,33
Gabriel,Young,32
Isabella,Thomas,32
Maya,Roberts,32
Aiden,Roberts,31
Leo,Lee,31
Mia,Jackson,31
Liam,Wilson,30
Ella,Williams,30
Madison,Martinez,30
Connor,Harris,30
Lily,Allen,30
Madison,Young,29
Benjamin,Moore,29
Maya,Green,29
Aiden,Campbell,29
Sophia,Martinez,28
Chloe,Evans,28
Ella,Brown,28
Levi,Wilson,27
Amos,Williams,27
Sebastian,Scott,27
James,Anderson,27
Noah,Miller,26
Jackie,Lopez,26
Sophie,Lopez,26
Seth,Baker,26
Owen,Turner,25
Jameson,Moore,25
Elijah,Harris,25
Victoria,Hall,25
Zoe,Thompson,24
Natalie,Scott,24
Oliver,Johnson,24
Henry,Collins,24
Ella,Mitchell,23
Ava,Garcia,23
Nora,Garcia,23
Grace,Parker,22
Emma,Lopez,22
Chase,King,22
Hannah,Jackson,22
Aria,Baker,22
Miles,Mitchell,21
Zoe,Garcia,21
Charlotte,Clark,21
Lucas,Thomas,20
Evelyn,Green,20
Harper,Wright,19
Avery,Thomas,19
Jackson,Phillips,19
Daniel,Mitchell,18
Mason,King,18
Katherine,Evans,18
